{
  "hash": "32c46891",
  "configHash": "4b0cf3fb",
  "lockfileHash": "f8ab0a99",
  "browserHash": "45213364",
  "optimized": {
    "@angular/common": {
      "src": "../../../../../../node_modules/@angular/common/fesm2022/common.mjs",
      "file": "@angular_common.js",
      "fileHash": "1644651d",
      "needsInterop": false
    },
    "@angular/common/http": {
      "src": "../../../../../../node_modules/@angular/common/fesm2022/http.mjs",
      "file": "@angular_common_http.js",
      "fileHash": "de6d8c7d",
      "needsInterop": false
    },
    "@angular/common/locales/en": {
      "src": "../../../../../../node_modules/@angular/common/locales/en.mjs",
      "file": "@angular_common_locales_en.js",
      "fileHash": "fecfb4fb",
      "needsInterop": false
    },
    "@angular/core": {
      "src": "../../../../../../node_modules/@angular/core/fesm2022/core.mjs",
      "file": "@angular_core.js",
      "fileHash": "27ef59cb",
      "needsInterop": false
    },
    "@angular/forms": {
      "src": "../../../../../../node_modules/@angular/forms/fesm2022/forms.mjs",
      "file": "@angular_forms.js",
      "fileHash": "1fe30202",
      "needsInterop": false
    },
    "@angular/platform-browser": {
      "src": "../../../../../../node_modules/@angular/platform-browser/fesm2022/platform-browser.mjs",
      "file": "@angular_platform-browser.js",
      "fileHash": "608b5f30",
      "needsInterop": false
    },
    "@angular/platform-browser/animations/async": {
      "src": "../../../../../../node_modules/@angular/platform-browser/fesm2022/animations/async.mjs",
      "file": "@angular_platform-browser_animations_async.js",
      "fileHash": "8f1d6376",
      "needsInterop": false
    },
    "@angular/platform-server": {
      "src": "../../../../../../node_modules/@angular/platform-server/fesm2022/platform-server.mjs",
      "file": "@angular_platform-server.js",
      "fileHash": "c81547e8",
      "needsInterop": false
    },
    "@angular/router": {
      "src": "../../../../../../node_modules/@angular/router/fesm2022/router.mjs",
      "file": "@angular_router.js",
      "fileHash": "91536ce7",
      "needsInterop": false
    },
    "@angular/ssr": {
      "src": "../../../../../../node_modules/@angular/ssr/fesm2022/ssr.mjs",
      "file": "@angular_ssr.js",
      "fileHash": "5f747164",
      "needsInterop": false
    },
    "@angular/ssr/node": {
      "src": "../../../../../../node_modules/@angular/ssr/fesm2022/node.mjs",
      "file": "@angular_ssr_node.js",
      "fileHash": "122e52ff",
      "needsInterop": false
    },
    "chart.js/auto": {
      "src": "../../../../../../node_modules/chart.js/auto/auto.js",
      "file": "chart__js_auto.js",
      "fileHash": "c22dea07",
      "needsInterop": false
    },
    "express": {
      "src": "../../../../../../node_modules/express/index.js",
      "file": "express.js",
      "fileHash": "8e14e481",
      "needsInterop": true
    },
    "ng-zorro-antd/calendar": {
      "src": "../../../../../../node_modules/ng-zorro-antd/fesm2022/ng-zorro-antd-calendar.mjs",
      "file": "ng-zorro-antd_calendar.js",
      "fileHash": "68012572",
      "needsInterop": false
    },
    "ng-zorro-antd/i18n": {
      "src": "../../../../../../node_modules/ng-zorro-antd/fesm2022/ng-zorro-antd-i18n.mjs",
      "file": "ng-zorro-antd_i18n.js",
      "fileHash": "77da4582",
      "needsInterop": false
    },
    "rxjs": {
      "src": "../../../../../../node_modules/rxjs/dist/cjs/index.js",
      "file": "rxjs.js",
      "fileHash": "6f82e695",
      "needsInterop": true
    }
  },
  "chunks": {
    "browser-QSZP5R3E": {
      "file": "browser-QSZP5R3E.js"
    },
    "xhr2-TXIMV6CV": {
      "file": "xhr2-TXIMV6CV.js"
    },
    "chunk-H2DLAJX4": {
      "file": "chunk-H2DLAJX4.js"
    },
    "chunk-ZUI76PEE": {
      "file": "chunk-ZUI76PEE.js"
    },
    "chunk-D6DRYQJG": {
      "file": "chunk-D6DRYQJG.js"
    },
    "chunk-ITK25EV3": {
      "file": "chunk-ITK25EV3.js"
    },
    "chunk-2RCRN5DY": {
      "file": "chunk-2RCRN5DY.js"
    },
    "chunk-46ZYJWEI": {
      "file": "chunk-46ZYJWEI.js"
    },
    "chunk-W7NDUZ36": {
      "file": "chunk-W7NDUZ36.js"
    },
    "chunk-4KFOR7E3": {
      "file": "chunk-4KFOR7E3.js"
    },
    "chunk-MEZZSJNS": {
      "file": "chunk-MEZZSJNS.js"
    },
    "chunk-O4QEP7R2": {
      "file": "chunk-O4QEP7R2.js"
    },
    "chunk-PE4PLPLL": {
      "file": "chunk-PE4PLPLL.js"
    },
    "chunk-T4XHMJL2": {
      "file": "chunk-T4XHMJL2.js"
    },
    "chunk-YHCV7DAQ": {
      "file": "chunk-YHCV7DAQ.js"
    }
  }
}