{
  "hash": "1a3fe5e9",
  "configHash": "00a568af",
  "lockfileHash": "2b1ddd63",
  "browserHash": "b364fa39",
  "optimized": {
    "@angular/common": {
      "src": "../../../../../../node_modules/@angular/common/fesm2022/common.mjs",
      "file": "@angular_common.js",
      "fileHash": "d81ae077",
      "needsInterop": false
    },
    "@angular/common/http": {
      "src": "../../../../../../node_modules/@angular/common/fesm2022/http.mjs",
      "file": "@angular_common_http.js",
      "fileHash": "43e9e213",
      "needsInterop": false
    },
    "@angular/common/locales/en": {
      "src": "../../../../../../node_modules/@angular/common/locales/en.mjs",
      "file": "@angular_common_locales_en.js",
      "fileHash": "0aaa175f",
      "needsInterop": false
    },
    "@angular/core": {
      "src": "../../../../../../node_modules/@angular/core/fesm2022/core.mjs",
      "file": "@angular_core.js",
      "fileHash": "a911b2d6",
      "needsInterop": false
    },
    "@angular/forms": {
      "src": "../../../../../../node_modules/@angular/forms/fesm2022/forms.mjs",
      "file": "@angular_forms.js",
      "fileHash": "7c2d1ef3",
      "needsInterop": false
    },
    "@angular/platform-browser": {
      "src": "../../../../../../node_modules/@angular/platform-browser/fesm2022/platform-browser.mjs",
      "file": "@angular_platform-browser.js",
      "fileHash": "3732db85",
      "needsInterop": false
    },
    "@angular/platform-browser/animations/async": {
      "src": "../../../../../../node_modules/@angular/platform-browser/fesm2022/animations/async.mjs",
      "file": "@angular_platform-browser_animations_async.js",
      "fileHash": "336532fc",
      "needsInterop": false
    },
    "@angular/platform-server": {
      "src": "../../../../../../node_modules/@angular/platform-server/fesm2022/platform-server.mjs",
      "file": "@angular_platform-server.js",
      "fileHash": "97654ab0",
      "needsInterop": false
    },
    "@angular/router": {
      "src": "../../../../../../node_modules/@angular/router/fesm2022/router.mjs",
      "file": "@angular_router.js",
      "fileHash": "2523a00c",
      "needsInterop": false
    },
    "@angular/ssr": {
      "src": "../../../../../../node_modules/@angular/ssr/fesm2022/ssr.mjs",
      "file": "@angular_ssr.js",
      "fileHash": "fb3b82ef",
      "needsInterop": false
    },
    "@angular/ssr/node": {
      "src": "../../../../../../node_modules/@angular/ssr/fesm2022/node.mjs",
      "file": "@angular_ssr_node.js",
      "fileHash": "b7cbebfe",
      "needsInterop": false
    },
    "chart.js/auto": {
      "src": "../../../../../../node_modules/chart.js/auto/auto.js",
      "file": "chart__js_auto.js",
      "fileHash": "9c87ee2a",
      "needsInterop": false
    },
    "express": {
      "src": "../../../../../../node_modules/express/index.js",
      "file": "express.js",
      "fileHash": "81589c60",
      "needsInterop": true
    },
    "ng-zorro-antd/calendar": {
      "src": "../../../../../../node_modules/ng-zorro-antd/fesm2022/ng-zorro-antd-calendar.mjs",
      "file": "ng-zorro-antd_calendar.js",
      "fileHash": "5315cd91",
      "needsInterop": false
    },
    "ng-zorro-antd/i18n": {
      "src": "../../../../../../node_modules/ng-zorro-antd/fesm2022/ng-zorro-antd-i18n.mjs",
      "file": "ng-zorro-antd_i18n.js",
      "fileHash": "03a2affe",
      "needsInterop": false
    }
  },
  "chunks": {
    "xhr2-TXIMV6CV": {
      "file": "xhr2-TXIMV6CV.js"
    },
    "chunk-TSY7HIAJ": {
      "file": "chunk-TSY7HIAJ.js"
    },
    "browser-LPNVDZ35": {
      "file": "browser-LPNVDZ35.js"
    },
    "chunk-OO52LHXI": {
      "file": "chunk-OO52LHXI.js"
    },
    "chunk-NW27ELNE": {
      "file": "chunk-NW27ELNE.js"
    },
    "chunk-6ZZL5K2C": {
      "file": "chunk-6ZZL5K2C.js"
    },
    "chunk-KEY2SG46": {
      "file": "chunk-KEY2SG46.js"
    },
    "chunk-BWUSHKPS": {
      "file": "chunk-BWUSHKPS.js"
    },
    "chunk-7TTVXZSZ": {
      "file": "chunk-7TTVXZSZ.js"
    },
    "chunk-5EZB52YK": {
      "file": "chunk-5EZB52YK.js"
    },
    "chunk-3IVTDJG7": {
      "file": "chunk-3IVTDJG7.js"
    },
    "chunk-2M2HMFBT": {
      "file": "chunk-2M2HMFBT.js"
    },
    "chunk-PEAVEDUD": {
      "file": "chunk-PEAVEDUD.js"
    },
    "chunk-YHCV7DAQ": {
      "file": "chunk-YHCV7DAQ.js"
    }
  }
}