{
  "hash": "3d0f1de6",
  "configHash": "b2897910",
  "lockfileHash": "f8ab0a99",
  "browserHash": "cdd1397a",
  "optimized": {
    "@angular/common": {
      "src": "../../../../../../node_modules/@angular/common/fesm2022/common.mjs",
      "file": "@angular_common.js",
      "fileHash": "152a561f",
      "needsInterop": false
    },
    "@angular/common/http": {
      "src": "../../../../../../node_modules/@angular/common/fesm2022/http.mjs",
      "file": "@angular_common_http.js",
      "fileHash": "a2d445c2",
      "needsInterop": false
    },
    "@angular/common/locales/en": {
      "src": "../../../../../../node_modules/@angular/common/locales/en.mjs",
      "file": "@angular_common_locales_en.js",
      "fileHash": "5c8feafe",
      "needsInterop": false
    },
    "@angular/core": {
      "src": "../../../../../../node_modules/@angular/core/fesm2022/core.mjs",
      "file": "@angular_core.js",
      "fileHash": "78f50541",
      "needsInterop": false
    },
    "@angular/forms": {
      "src": "../../../../../../node_modules/@angular/forms/fesm2022/forms.mjs",
      "file": "@angular_forms.js",
      "fileHash": "324f1347",
      "needsInterop": false
    },
    "@angular/platform-browser": {
      "src": "../../../../../../node_modules/@angular/platform-browser/fesm2022/platform-browser.mjs",
      "file": "@angular_platform-browser.js",
      "fileHash": "3c5673ed",
      "needsInterop": false
    },
    "@angular/platform-browser/animations/async": {
      "src": "../../../../../../node_modules/@angular/platform-browser/fesm2022/animations/async.mjs",
      "file": "@angular_platform-browser_animations_async.js",
      "fileHash": "74689b2d",
      "needsInterop": false
    },
    "@angular/router": {
      "src": "../../../../../../node_modules/@angular/router/fesm2022/router.mjs",
      "file": "@angular_router.js",
      "fileHash": "d2e6dc6a",
      "needsInterop": false
    },
    "chart.js/auto": {
      "src": "../../../../../../node_modules/chart.js/auto/auto.js",
      "file": "chart__js_auto.js",
      "fileHash": "2c83dddb",
      "needsInterop": false
    },
    "ng-zorro-antd/calendar": {
      "src": "../../../../../../node_modules/ng-zorro-antd/fesm2022/ng-zorro-antd-calendar.mjs",
      "file": "ng-zorro-antd_calendar.js",
      "fileHash": "a5fbf830",
      "needsInterop": false
    },
    "ng-zorro-antd/i18n": {
      "src": "../../../../../../node_modules/ng-zorro-antd/fesm2022/ng-zorro-antd-i18n.mjs",
      "file": "ng-zorro-antd_i18n.js",
      "fileHash": "72b8d87c",
      "needsInterop": false
    },
    "rxjs": {
      "src": "../../../../../../node_modules/rxjs/dist/esm5/index.js",
      "file": "rxjs.js",
      "fileHash": "5977bb3f",
      "needsInterop": false
    }
  },
  "chunks": {
    "browser-GEHIR7GV": {
      "file": "browser-GEHIR7GV.js"
    },
    "chunk-ABIHH5VK": {
      "file": "chunk-ABIHH5VK.js"
    },
    "chunk-IADRP4OD": {
      "file": "chunk-IADRP4OD.js"
    },
    "chunk-NUAALN4Q": {
      "file": "chunk-NUAALN4Q.js"
    },
    "chunk-JJKIVSO6": {
      "file": "chunk-JJKIVSO6.js"
    },
    "chunk-ZYS7CRRH": {
      "file": "chunk-ZYS7CRRH.js"
    },
    "chunk-L5SZAFC4": {
      "file": "chunk-L5SZAFC4.js"
    },
    "chunk-3S3YCDI6": {
      "file": "chunk-3S3YCDI6.js"
    },
    "chunk-6QNTARNC": {
      "file": "chunk-6QNTARNC.js"
    },
    "chunk-WDMUDEB6": {
      "file": "chunk-WDMUDEB6.js"
    }
  }
}