{
  "hash": "2a1b8aa5",
  "configHash": "75b9a2bc",
  "lockfileHash": "2b1ddd63",
  "browserHash": "8550a255",
  "optimized": {
    "@angular/common": {
      "src": "../../../../../../node_modules/@angular/common/fesm2022/common.mjs",
      "file": "@angular_common.js",
      "fileHash": "0bcce6f2",
      "needsInterop": false
    },
    "@angular/common/http": {
      "src": "../../../../../../node_modules/@angular/common/fesm2022/http.mjs",
      "file": "@angular_common_http.js",
      "fileHash": "cbcdeae2",
      "needsInterop": false
    },
    "@angular/common/locales/en": {
      "src": "../../../../../../node_modules/@angular/common/locales/en.mjs",
      "file": "@angular_common_locales_en.js",
      "fileHash": "80d2c0fb",
      "needsInterop": false
    },
    "@angular/core": {
      "src": "../../../../../../node_modules/@angular/core/fesm2022/core.mjs",
      "file": "@angular_core.js",
      "fileHash": "a19f79b2",
      "needsInterop": false
    },
    "@angular/forms": {
      "src": "../../../../../../node_modules/@angular/forms/fesm2022/forms.mjs",
      "file": "@angular_forms.js",
      "fileHash": "13fab1a7",
      "needsInterop": false
    },
    "@angular/platform-browser": {
      "src": "../../../../../../node_modules/@angular/platform-browser/fesm2022/platform-browser.mjs",
      "file": "@angular_platform-browser.js",
      "fileHash": "061dd098",
      "needsInterop": false
    },
    "@angular/platform-browser/animations/async": {
      "src": "../../../../../../node_modules/@angular/platform-browser/fesm2022/animations/async.mjs",
      "file": "@angular_platform-browser_animations_async.js",
      "fileHash": "bf0f135b",
      "needsInterop": false
    },
    "@angular/router": {
      "src": "../../../../../../node_modules/@angular/router/fesm2022/router.mjs",
      "file": "@angular_router.js",
      "fileHash": "b3a98dc9",
      "needsInterop": false
    },
    "chart.js/auto": {
      "src": "../../../../../../node_modules/chart.js/auto/auto.js",
      "file": "chart__js_auto.js",
      "fileHash": "3db4038b",
      "needsInterop": false
    },
    "ng-zorro-antd/calendar": {
      "src": "../../../../../../node_modules/ng-zorro-antd/fesm2022/ng-zorro-antd-calendar.mjs",
      "file": "ng-zorro-antd_calendar.js",
      "fileHash": "16aff3c5",
      "needsInterop": false
    },
    "ng-zorro-antd/i18n": {
      "src": "../../../../../../node_modules/ng-zorro-antd/fesm2022/ng-zorro-antd-i18n.mjs",
      "file": "ng-zorro-antd_i18n.js",
      "fileHash": "9b669957",
      "needsInterop": false
    }
  },
  "chunks": {
    "browser-CSG3UEII": {
      "file": "browser-CSG3UEII.js"
    },
    "chunk-VYGMKE6L": {
      "file": "chunk-VYGMKE6L.js"
    },
    "chunk-SDEDDVRE": {
      "file": "chunk-SDEDDVRE.js"
    },
    "chunk-YEQ6IRED": {
      "file": "chunk-YEQ6IRED.js"
    },
    "chunk-2M54LYXA": {
      "file": "chunk-2M54LYXA.js"
    },
    "chunk-UUVAPEXZ": {
      "file": "chunk-UUVAPEXZ.js"
    },
    "chunk-NS4GCOH7": {
      "file": "chunk-NS4GCOH7.js"
    },
    "chunk-4TIS5NUU": {
      "file": "chunk-4TIS5NUU.js"
    },
    "chunk-WDMUDEB6": {
      "file": "chunk-WDMUDEB6.js"
    }
  }
}